9w2usm (Mustafa Bahari) (9M4RMA)
9w2uma
9w2hoz
9w2rut
9w2zbv
9W2PHL (KHAFIF)
9W2AA
9W2ILI (pkmr2013)
9W2ALS (Alias Salan)
9W2JKO
9W2CFS (GOPAL)
9W2BHL (FARID)
9M2TPT (HAMID)
9W2ANY (ZANIZAL)
9W2HLG (AMIR)
9W2LDL (UDIN:temp freq 9M4RKN)
9M2SY
9W2ZWW
9W2LUI
9W2YIP
9W2KHE (KHAIRUL EFI)
9W2RIP
9W2BUG
9W2RIL (SHAHRIL)
9W2GNU (BAHATHIR)
9W2ZWW (M. ZAWAWI)
9W8SIR (JORDAN LAU)
9M8SL (SLY)
9W2UMA (ABDUL GHANI)
9M2CIO (Azudin Ab Rahman)
9W2LCF (OOn Lin Chong)
9W2WFD
9W2WCL - BADIUNZAMAN (9M4RPS)
9W2OAN WAN SCORPION (9M2RUB)
9W2NFI
9W2BFL
9M2PJU
Ahmad - amad.db57@gmail.com (9M4RPS)
Ahmad Izran Qhalif <sbgqhalif@gmail.com>
difa60
applegreen012
arif hanafiah
eidymafia
choy ck
Fahmim Rezuan <fahmimrezuandev@gmail.com>
Faizuldin Zaid <faizuldinacw@gmail.com>
Farid Mohamad
Hazelan Abdullah (9M4RHW INFO)
JSham JayJay (jsham996@yahoo.com.my)
Mohamad Zaki Jani 
Mohd Ruslee Mohd Salleh
Muhammad Khafif Zainudin
mila syazwani
mrdin13@yahoo.com
norhisham ismail 
Raja Ibrahim
rusli ismail
SALAHUDIN DIN akademigm@gmail.com (9M4RDF)
Shaifulridzuan.com@gmail.com
sham6023@gmail.com
imomin4drongkol@gmail.com
tjkman
jefri.max3@gmail.com
wananami@gmail.com
mie4733.som@gmail.com
hasco609@yahoo.com
ibrmy@yahoo.com
emziar@gmail.com (ZULFAKHRI)
harithjanius@gmail.com
pok.muda@gmail.com
af.emmkay@gmail.com
farid.event@gmail.com
faarest210@gmail.com (Faaris Mk)
razali@1malaysia2u.my
veeraksanaveerak@gmail.com
rossaiful@gmail.com
mandam9w2@yahoo.com.my
miek_kenari@yahoo.com
sbgqhalif@gmail.com - 9M4RPG
rukimahsiti@yahoo.com
latiphamid@gmail.com
faizuldinacw@gmail.com
proputra308713@gmail.com
faizul_1602@yahoo.com
pianpiah1020@gmail.com - Pian TPG
juruteknikmuda89@gmail.com
ka318379@gmail.com
mohamad.izam79@gmail.com
anifkahar@gmail.com
wananami@gmail.com
stevenleow7@gmail.com